test_day,gain_value,loss_value,prio1_det,prio2_det,prio3_det,prio4_det,prio1_undet,prio2_undet,prio3_undet,prio4_undet,prio1_false_positive,prio2_false_positive,prio3_false_positive,prio4_false_positive,prio1_true_neg,prio2_true_neg,prio3_true_neg,prio4_true_neg
0.0,622.85,795.9,9.0,0.0,1.0,0.0,4.0,2.0,2.0,0.0,64.0,17.0,2.0,0.0,685.0,257.0,653.0,8.0
1.0,84.75,276.20000000000005,3.0,0.0,0.0,0.0,1.0,2.0,0.0,0.0,65.0,12.0,2.0,0.0,581.0,294.0,159.0,13.0
2.0,658.2,924.6,5.0,2.0,1.0,0.0,7.0,2.0,2.0,1.0,62.0,9.0,3.0,0.0,623.0,256.0,165.0,10.0
3.0,292.65000000000003,209.79999999999998,4.0,1.0,0.0,0.0,1.0,1.0,0.0,0.0,54.0,8.0,3.0,0.0,468.0,200.0,169.0,8.0
4.0,187.84999999999997,419.0,4.0,0.0,0.0,0.0,2.0,1.0,1.0,0.0,52.0,1.0,5.0,0.0,334.0,143.0,160.0,6.0
5.0,1014.9499999999999,265.34999999999997,1.0,1.0,1.0,1.0,3.0,1.0,0.0,0.0,52.0,2.0,1.0,0.0,361.0,146.0,160.0,16.0
6.0,422.25,277.1,0.0,0.0,1.0,0.0,2.0,0.0,1.0,0.0,62.0,5.0,3.0,0.0,337.0,137.0,152.0,15.0
7.0,148.15,489.4,3.0,0.0,0.0,0.0,2.0,2.0,0.0,1.0,41.0,3.0,2.0,0.0,306.0,141.0,147.0,9.0
8.0,949.0,167.04999999999998,4.0,1.0,1.0,0.0,2.0,1.0,0.0,0.0,49.0,5.0,0.0,0.0,304.0,143.0,150.0,9.0
9.0,304.25,228.39999999999998,2.0,0.0,1.0,0.0,2.0,1.0,0.0,0.0,46.0,5.0,5.0,0.0,328.0,130.0,166.0,10.0
10.0,336.55,85.15,1.0,1.0,1.0,0.0,2.0,0.0,0.0,0.0,45.0,3.0,6.0,0.0,326.0,137.0,168.0,8.0
11.0,285.6,800.15,8.0,0.0,0.0,0.0,2.0,0.0,1.0,2.0,47.0,3.0,4.0,0.0,331.0,163.0,148.0,12.0
12.0,880.5,281.05,1.0,1.0,2.0,0.0,1.0,2.0,0.0,0.0,55.0,2.0,4.0,0.0,336.0,108.0,139.0,7.0
13.0,84.55,582.1,0.0,1.0,0.0,0.0,5.0,1.0,1.0,0.0,50.0,0.0,5.0,0.0,273.0,151.0,144.0,7.0
14.0,536.65,328.25,3.0,0.0,2.0,0.0,3.0,0.0,0.0,1.0,62.0,1.0,1.0,0.0,312.0,142.0,167.0,9.0
15.0,60.9,458.25,2.0,0.0,0.0,0.0,1.0,1.0,1.0,1.0,37.0,6.0,3.0,0.0,298.0,142.0,157.0,17.0
16.0,378.15,253.95000000000002,2.0,0.0,1.0,0.0,2.0,1.0,0.0,0.0,66.0,6.0,3.0,0.0,304.0,125.0,154.0,9.0
17.0,894.5000000000001,318.59999999999997,2.0,0.0,1.0,0.0,3.0,2.0,0.0,0.0,68.0,5.0,5.0,0.0,327.0,116.0,176.0,14.0
18.0,186.29999999999998,80.75,1.0,1.0,0.0,0.0,0.0,1.0,0.0,0.0,56.0,3.0,2.0,0.0,354.0,149.0,174.0,13.0
19.0,78.05000000000001,762.9,2.0,0.0,0.0,0.0,2.0,2.0,1.0,1.0,50.0,6.0,4.0,0.0,362.0,161.0,161.0,13.0
20.0,391.75,480.04999999999995,0.0,0.0,2.0,0.0,1.0,3.0,1.0,0.0,55.0,1.0,3.0,0.0,356.0,160.0,159.0,14.0
21.0,150.5,374.7,1.0,1.0,0.0,0.0,3.0,0.0,1.0,0.0,59.0,2.0,4.0,0.0,343.0,146.0,177.0,8.0
22.0,111.8,443.45000000000005,1.0,0.0,0.0,1.0,6.0,0.0,0.0,1.0,47.0,2.0,1.0,0.0,365.0,156.0,190.0,6.0
23.0,69.05000000000001,103.55,2.0,0.0,0.0,0.0,3.0,0.0,0.0,0.0,55.0,1.0,3.0,0.0,326.0,133.0,169.0,9.0
24.0,189.39999999999998,107.05,3.0,1.0,0.0,0.0,3.0,0.0,0.0,0.0,43.0,3.0,4.0,0.0,332.0,132.0,159.0,10.0
25.0,218.75,363.34999999999997,3.0,1.0,0.0,0.0,3.0,0.0,1.0,0.0,46.0,1.0,3.0,0.0,337.0,136.0,146.0,19.0
26.0,20.2,101.8,1.0,0.0,0.0,0.0,1.0,1.0,0.0,0.0,55.0,2.0,2.0,0.0,325.0,135.0,160.0,15.0
27.0,1107.8500000000001,442.6,4.0,0.0,2.0,0.0,3.0,1.0,1.0,0.0,53.0,1.0,3.0,0.0,299.0,130.0,175.0,9.0
28.0,1311.6000000000001,497.35,1.0,1.0,0.0,1.0,5.0,1.0,1.0,0.0,39.0,4.0,3.0,0.0,314.0,148.0,165.0,13.0
29.0,204.2,373.29999999999995,0.0,0.0,0.0,1.0,1.0,1.0,1.0,0.0,55.0,1.0,3.0,0.0,281.0,133.0,137.0,7.0
30.0,438.15,294.75,1.0,0.0,2.0,0.0,2.0,0.0,1.0,0.0,55.0,1.0,1.0,0.0,307.0,132.0,155.0,14.0
31.0,1698.3999999999999,1364.65,7.0,1.0,3.0,0.0,4.0,6.0,2.0,0.0,66.0,9.0,6.0,0.0,659.0,272.0,650.0,13.0
32.0,188.4,464.55,5.0,0.0,0.0,0.0,2.0,1.0,1.0,1.0,73.0,9.0,4.0,0.0,631.0,298.0,164.0,10.0
33.0,2440.2499999999995,101.7,2.0,1.0,4.0,0.0,2.0,0.0,0.0,0.0,75.0,15.0,8.0,0.0,694.0,259.0,177.0,8.0
34.0,412.55,749.6999999999999,1.0,0.0,1.0,0.0,1.0,3.0,0.0,2.0,72.0,5.0,6.0,0.0,516.0,210.0,185.0,7.0
35.0,472.34999999999997,150.3,6.0,2.0,0.0,0.0,3.0,0.0,0.0,0.0,54.0,6.0,1.0,0.0,350.0,135.0,155.0,5.0
36.0,337.9,279.79999999999995,5.0,1.0,0.0,0.0,2.0,0.0,1.0,0.0,57.0,2.0,2.0,0.0,338.0,146.0,187.0,7.0
37.0,498.7,362.1,7.0,0.0,1.0,0.0,1.0,1.0,0.0,1.0,56.0,6.0,4.0,0.0,370.0,141.0,186.0,16.0
38.0,140.0,185.3,5.0,0.0,0.0,0.0,1.0,1.0,0.0,0.0,57.0,3.0,4.0,0.0,349.0,177.0,186.0,14.0
39.0,308.1,137.5,3.0,0.0,1.0,0.0,0.0,1.0,0.0,0.0,42.0,5.0,1.0,0.0,346.0,138.0,133.0,15.0
40.0,253.1,48.95,1.0,0.0,0.0,1.0,2.0,0.0,0.0,0.0,47.0,3.0,1.0,0.0,317.0,125.0,162.0,11.0
41.0,218.95000000000002,226.84999999999997,2.0,1.0,0.0,0.0,2.0,0.0,0.0,1.0,50.0,3.0,3.0,0.0,321.0,144.0,143.0,14.0
42.0,507.45,213.10000000000002,3.0,1.0,1.0,0.0,2.0,1.0,0.0,0.0,52.0,3.0,5.0,0.0,341.0,147.0,173.0,10.0
43.0,147.4,0.0,4.0,0.0,0.0,0.0,0.0,0.0,0.0,0.0,53.0,4.0,1.0,0.0,352.0,142.0,172.0,12.0
44.0,543.35,237.3,3.0,0.0,0.0,1.0,0.0,0.0,0.0,1.0,47.0,3.0,2.0,0.0,343.0,124.0,174.0,14.0
45.0,81.15,851.8,2.0,0.0,0.0,0.0,5.0,2.0,2.0,0.0,48.0,2.0,2.0,0.0,321.0,144.0,172.0,9.0
46.0,594.3000000000001,239.39999999999998,1.0,0.0,0.0,1.0,1.0,0.0,1.0,0.0,56.0,3.0,3.0,0.0,317.0,142.0,172.0,6.0
47.0,281.15,568.8,3.0,0.0,1.0,0.0,2.0,2.0,0.0,1.0,52.0,5.0,2.0,0.0,325.0,153.0,160.0,12.0
48.0,226.8,471.45,2.0,0.0,0.0,1.0,6.0,2.0,0.0,0.0,52.0,1.0,0.0,0.0,318.0,150.0,143.0,11.0
49.0,194.20000000000002,786.1500000000001,6.0,0.0,0.0,0.0,4.0,2.0,0.0,2.0,65.0,3.0,3.0,0.0,357.0,138.0,163.0,14.0
50.0,234.7,743.5500000000001,6.0,0.0,0.0,0.0,1.0,2.0,2.0,0.0,57.0,5.0,2.0,0.0,327.0,123.0,166.0,11.0
51.0,49.7,798.3499999999999,1.0,0.0,0.0,0.0,2.0,2.0,3.0,0.0,57.0,1.0,2.0,0.0,353.0,144.0,164.0,3.0
52.0,327.1,467.40000000000003,3.0,0.0,1.0,0.0,5.0,1.0,1.0,0.0,60.0,3.0,2.0,0.0,360.0,129.0,177.0,12.0
53.0,841.85,564.4,3.0,2.0,1.0,1.0,1.0,0.0,2.0,1.0,49.0,0.0,4.0,0.0,299.0,129.0,166.0,1.0
54.0,134.9,54.5,3.0,0.0,0.0,0.0,1.0,0.0,0.0,0.0,59.0,4.0,5.0,0.0,357.0,154.0,163.0,15.0
55.0,342.8,0.0,3.0,0.0,1.0,0.0,0.0,0.0,0.0,0.0,42.0,1.0,3.0,0.0,366.0,126.0,159.0,11.0
56.0,83.2,41.0,2.0,0.0,0.0,0.0,1.0,0.0,0.0,0.0,45.0,2.0,3.0,0.0,300.0,134.0,156.0,14.0
57.0,68.75,23.6,2.0,0.0,0.0,0.0,1.0,0.0,0.0,0.0,50.0,4.0,6.0,0.0,308.0,140.0,160.0,18.0
58.0,120.9,216.75,0.0,1.0,0.0,0.0,3.0,1.0,0.0,0.0,49.0,5.0,2.0,0.0,349.0,159.0,148.0,8.0
59.0,20.25,295.0,1.0,0.0,0.0,0.0,2.0,0.0,1.0,0.0,57.0,5.0,4.0,0.0,302.0,136.0,165.0,4.0
60.0,880.25,200.3,5.0,0.0,2.0,0.0,0.0,0.0,1.0,0.0,42.0,2.0,2.0,0.0,366.0,153.0,170.0,17.0
61.0,1056.95,938.5500000000001,6.0,0.0,2.0,2.0,6.0,3.0,1.0,0.0,67.0,6.0,4.0,0.0,600.0,282.0,659.0,7.0
62.0,274.25,786.55,3.0,0.0,0.0,1.0,6.0,3.0,0.0,1.0,69.0,22.0,3.0,0.0,638.0,288.0,156.0,6.0
63.0,2285.4500000000003,662.05,5.0,0.0,2.0,0.0,3.0,1.0,2.0,0.0,79.0,15.0,3.0,0.0,667.0,268.0,187.0,10.0
64.0,383.1,302.84999999999997,3.0,0.0,0.0,1.0,3.0,0.0,1.0,0.0,68.0,6.0,1.0,0.0,510.0,193.0,173.0,12.0
65.0,203.05,208.20000000000002,3.0,1.0,0.0,0.0,4.0,0.0,0.0,0.0,54.0,4.0,1.0,0.0,346.0,119.0,161.0,13.0
66.0,105.95,157.25,3.0,0.0,0.0,0.0,5.0,0.0,0.0,0.0,50.0,2.0,1.0,0.0,330.0,127.0,149.0,8.0
67.0,105.35000000000001,123.95,3.0,0.0,0.0,0.0,0.0,1.0,0.0,0.0,48.0,5.0,4.0,0.0,285.0,133.0,170.0,7.0
68.0,186.0,28.9,2.0,1.0,0.0,0.0,1.0,0.0,0.0,0.0,48.0,0.0,3.0,0.0,342.0,154.0,185.0,13.0
69.0,2219.55,147.65,1.0,0.0,2.0,1.0,1.0,1.0,0.0,0.0,52.0,7.0,2.0,0.0,373.0,153.0,156.0,11.0
70.0,148.2,495.20000000000005,4.0,0.0,0.0,0.0,1.0,1.0,1.0,1.0,58.0,4.0,4.0,0.0,333.0,137.0,159.0,14.0
71.0,146.75,241.35,3.0,0.0,0.0,0.0,2.0,0.0,1.0,0.0,51.0,5.0,3.0,0.0,362.0,161.0,166.0,8.0
72.0,82.2,632.0,2.0,0.0,0.0,0.0,1.0,2.0,2.0,0.0,47.0,4.0,2.0,0.0,319.0,141.0,147.0,15.0
73.0,633.8,251.15,0.0,1.0,1.0,0.0,2.0,1.0,0.0,0.0,58.0,1.0,1.0,0.0,317.0,153.0,146.0,12.0
74.0,781.0500000000001,75.75,2.0,1.0,1.0,0.0,2.0,0.0,0.0,0.0,53.0,2.0,6.0,0.0,329.0,132.0,158.0,8.0
75.0,45.3,57.699999999999996,1.0,0.0,0.0,0.0,3.0,0.0,0.0,0.0,41.0,3.0,3.0,0.0,341.0,148.0,175.0,5.0
76.0,213.0,143.6,4.0,1.0,0.0,0.0,1.0,1.0,0.0,0.0,32.0,3.0,4.0,0.0,333.0,123.0,157.0,17.0
77.0,71.8,213.6,3.0,0.0,0.0,0.0,2.0,0.0,0.0,1.0,58.0,3.0,4.0,0.0,312.0,151.0,124.0,7.0
78.0,180.6,579.6,4.0,0.0,0.0,0.0,5.0,0.0,2.0,0.0,52.0,2.0,1.0,0.0,326.0,111.0,144.0,7.0
79.0,1761.1999999999998,783.35,0.0,0.0,1.0,2.0,4.0,3.0,1.0,0.0,50.0,3.0,4.0,0.0,327.0,123.0,142.0,6.0
80.0,448.1,77.1,5.0,0.0,0.0,1.0,3.0,0.0,0.0,0.0,48.0,4.0,5.0,0.0,294.0,126.0,145.0,8.0
81.0,241.55,122.30000000000001,5.0,0.0,0.0,0.0,1.0,1.0,0.0,0.0,56.0,5.0,2.0,0.0,333.0,153.0,162.0,8.0
82.0,111.4,227.95000000000002,3.0,0.0,0.0,0.0,6.0,0.0,0.0,0.0,50.0,6.0,2.0,0.0,298.0,125.0,165.0,9.0
83.0,36.8,338.85,1.0,0.0,0.0,0.0,2.0,2.0,0.0,0.0,53.0,4.0,5.0,0.0,351.0,139.0,169.0,8.0
84.0,86.94999999999999,137.15,2.0,0.0,0.0,0.0,2.0,1.0,0.0,0.0,44.0,1.0,4.0,0.0,313.0,155.0,168.0,11.0
85.0,390.7,240.65,2.0,1.0,1.0,0.0,0.0,0.0,1.0,0.0,50.0,2.0,2.0,0.0,312.0,136.0,144.0,11.0
86.0,330.45,108.69999999999999,1.0,0.0,1.0,0.0,2.0,0.0,0.0,0.0,46.0,1.0,3.0,0.0,323.0,131.0,136.0,12.0
87.0,58.5,253.55,1.0,0.0,0.0,0.0,3.0,0.0,0.0,1.0,62.0,4.0,8.0,0.0,362.0,128.0,163.0,18.0
88.0,1136.3,332.2,5.0,0.0,1.0,0.0,1.0,1.0,1.0,0.0,43.0,6.0,2.0,0.0,332.0,154.0,143.0,13.0
89.0,0.0,237.35,0.0,0.0,0.0,0.0,3.0,1.0,0.0,0.0,44.0,4.0,4.0,0.0,323.0,132.0,153.0,12.0
90.0,242.4,444.1,4.0,1.0,0.0,0.0,0.0,2.0,1.0,0.0,50.0,3.0,3.0,0.0,301.0,131.0,150.0,10.0
91.0,1066.45,238.4,3.0,0.0,1.0,1.0,1.0,0.0,1.0,0.0,60.0,5.0,3.0,0.0,351.0,138.0,173.0,7.0
92.0,1082.25,1206.9,8.0,1.0,1.0,0.0,4.0,5.0,1.0,2.0,79.0,11.0,3.0,0.0,661.0,334.0,647.0,9.0
93.0,119.0,874.3,4.0,0.0,0.0,0.0,6.0,1.0,1.0,2.0,75.0,10.0,4.0,0.0,649.0,306.0,186.0,13.0
94.0,154.95,176.85000000000002,1.0,1.0,0.0,0.0,1.0,1.0,0.0,0.0,56.0,17.0,7.0,0.0,620.0,275.0,160.0,8.0
95.0,42.45,345.15000000000003,1.0,0.0,0.0,0.0,2.0,0.0,1.0,0.0,64.0,9.0,5.0,0.0,507.0,171.0,148.0,9.0
96.0,565.05,0.0,4.0,0.0,1.0,0.0,0.0,0.0,0.0,0.0,45.0,3.0,4.0,0.0,306.0,122.0,156.0,14.0
97.0,230.85000000000002,643.55,5.0,0.0,0.0,0.0,6.0,0.0,1.0,1.0,49.0,2.0,2.0,0.0,308.0,134.0,174.0,9.0
98.0,206.05,141.5,3.0,0.0,0.0,0.0,1.0,1.0,0.0,0.0,57.0,5.0,5.0,0.0,316.0,117.0,179.0,6.0
99.0,91.75,200.15000000000003,2.0,0.0,0.0,0.0,4.0,0.0,0.0,0.0,54.0,3.0,4.0,0.0,353.0,136.0,156.0,13.0
100.0,191.75,507.35,4.0,1.0,0.0,0.0,3.0,1.0,0.0,1.0,45.0,3.0,3.0,0.0,333.0,140.0,185.0,8.0
101.0,1023.15,163.95000000000002,2.0,0.0,1.0,0.0,1.0,0.0,1.0,0.0,46.0,1.0,4.0,0.0,316.0,129.0,145.0,4.0
102.0,967.0,0.0,5.0,1.0,1.0,1.0,0.0,0.0,0.0,0.0,35.0,5.0,1.0,0.0,306.0,109.0,166.0,11.0
103.0,840.65,226.55,5.0,1.0,1.0,1.0,0.0,0.0,0.0,1.0,60.0,4.0,2.0,0.0,329.0,156.0,164.0,14.0
104.0,735.1,461.35,1.0,2.0,1.0,1.0,2.0,1.0,1.0,0.0,48.0,0.0,3.0,0.0,326.0,140.0,169.0,13.0
105.0,689.45,60.95,1.0,0.0,2.0,0.0,1.0,0.0,0.0,0.0,49.0,1.0,2.0,0.0,305.0,119.0,152.0,13.0
106.0,392.4,166.15,4.0,0.0,1.0,0.0,1.0,1.0,0.0,0.0,70.0,4.0,2.0,0.0,316.0,125.0,152.0,5.0
107.0,1242.45,425.95000000000005,3.0,1.0,1.0,0.0,0.0,0.0,1.0,1.0,55.0,2.0,2.0,0.0,328.0,129.0,168.0,12.0
108.0,372.40000000000003,270.2,2.0,0.0,1.0,0.0,2.0,1.0,0.0,0.0,58.0,6.0,1.0,0.0,339.0,126.0,139.0,12.0
109.0,583.4499999999999,570.95,2.0,0.0,2.0,0.0,3.0,2.0,1.0,0.0,53.0,2.0,6.0,0.0,331.0,137.0,156.0,11.0
110.0,193.3,87.05,0.0,0.0,1.0,0.0,0.0,1.0,0.0,0.0,34.0,4.0,1.0,0.0,304.0,135.0,148.0,15.0
111.0,91.0,1.55,2.0,0.0,0.0,0.0,1.0,0.0,0.0,0.0,51.0,2.0,2.0,0.0,315.0,140.0,182.0,14.0
112.0,54.4,314.1,1.0,0.0,0.0,0.0,3.0,1.0,0.0,1.0,38.0,4.0,2.0,0.0,369.0,126.0,165.0,18.0
113.0,139.4,379.85,3.0,0.0,0.0,0.0,3.0,1.0,0.0,1.0,56.0,3.0,5.0,0.0,333.0,140.0,156.0,16.0
114.0,278.85,779.0,1.0,1.0,0.0,1.0,7.0,1.0,2.0,0.0,42.0,2.0,8.0,0.0,343.0,140.0,147.0,12.0
115.0,187.8,354.85,0.0,0.0,0.0,1.0,5.0,0.0,1.0,0.0,64.0,0.0,0.0,0.0,328.0,116.0,143.0,13.0
116.0,326.70000000000005,80.69999999999999,4.0,0.0,1.0,0.0,2.0,0.0,0.0,0.0,47.0,1.0,4.0,0.0,336.0,125.0,141.0,6.0
117.0,297.45,353.15,3.0,0.0,1.0,0.0,3.0,0.0,1.0,0.0,59.0,1.0,4.0,0.0,322.0,134.0,168.0,12.0
118.0,96.05,778.5500000000001,2.0,0.0,0.0,0.0,2.0,0.0,2.0,1.0,49.0,4.0,3.0,0.0,320.0,141.0,158.0,11.0
119.0,215.45000000000002,200.4,5.0,0.0,0.0,0.0,2.0,1.0,0.0,0.0,55.0,4.0,4.0,0.0,368.0,151.0,157.0,9.0
120.0,440.6,491.7,1.0,0.0,0.0,1.0,2.0,0.0,2.0,0.0,42.0,2.0,4.0,0.0,329.0,122.0,149.0,12.0
121.0,37.3,318.7,1.0,0.0,0.0,0.0,0.0,1.0,0.0,1.0,38.0,3.0,3.0,0.0,317.0,133.0,151.0,14.0
122.0,96.94999999999999,146.65,3.0,0.0,0.0,0.0,2.0,1.0,0.0,0.0,56.0,2.0,4.0,0.0,318.0,142.0,161.0,7.0
123.0,1301.15,555.8499999999999,10.0,0.0,2.0,1.0,9.0,2.0,0.0,0.0,74.0,4.0,6.0,0.0,661.0,330.0,664.0,21.0
124.0,1183.45,515.4499999999999,2.0,2.0,1.0,0.0,3.0,2.0,1.0,0.0,66.0,16.0,1.0,0.0,658.0,300.0,175.0,8.0
125.0,1021.4499999999999,888.3,4.0,2.0,0.0,1.0,2.0,1.0,3.0,1.0,73.0,13.0,4.0,0.0,705.0,281.0,168.0,15.0
126.0,78.5,136.95,2.0,0.0,0.0,0.0,6.0,0.0,0.0,0.0,72.0,5.0,1.0,0.0,564.0,191.0,181.0,10.0
127.0,55.95,442.59999999999997,2.0,0.0,0.0,0.0,0.0,1.0,2.0,0.0,55.0,2.0,4.0,0.0,333.0,128.0,182.0,15.0
128.0,137.5,319.95,1.0,1.0,0.0,0.0,3.0,0.0,1.0,0.0,58.0,2.0,4.0,0.0,326.0,138.0,164.0,7.0
129.0,41.2,391.34999999999997,2.0,0.0,0.0,0.0,3.0,0.0,1.0,0.0,72.0,7.0,6.0,0.0,365.0,177.0,169.0,8.0
130.0,383.45,229.40000000000003,4.0,0.0,1.0,0.0,3.0,1.0,0.0,0.0,47.0,2.0,5.0,0.0,377.0,147.0,180.0,10.0
131.0,747.4000000000001,316.3,3.0,1.0,1.0,0.0,3.0,0.0,1.0,0.0,48.0,3.0,2.0,0.0,355.0,154.0,164.0,13.0
132.0,244.89999999999998,569.0,6.0,0.0,0.0,0.0,3.0,2.0,1.0,0.0,65.0,4.0,2.0,0.0,362.0,139.0,199.0,15.0
133.0,132.89999999999998,474.95,2.0,1.0,0.0,0.0,3.0,1.0,1.0,0.0,56.0,2.0,5.0,0.0,334.0,142.0,176.0,6.0
134.0,879.5999999999999,371.95000000000005,6.0,0.0,0.0,2.0,2.0,1.0,1.0,0.0,42.0,3.0,3.0,0.0,353.0,153.0,173.0,18.0
135.0,298.95,296.4,6.0,1.0,0.0,0.0,2.0,0.0,0.0,1.0,51.0,4.0,6.0,0.0,355.0,131.0,167.0,9.0
136.0,500.34999999999997,170.55,3.0,0.0,1.0,0.0,1.0,0.0,0.0,1.0,45.0,4.0,4.0,0.0,344.0,161.0,208.0,11.0
137.0,662.6500000000001,419.4,2.0,0.0,2.0,0.0,1.0,2.0,0.0,1.0,53.0,5.0,1.0,0.0,320.0,142.0,169.0,15.0
138.0,495.65000000000003,444.45000000000005,1.0,1.0,2.0,0.0,5.0,0.0,1.0,0.0,58.0,2.0,5.0,0.0,331.0,141.0,166.0,7.0
139.0,63.15,598.05,2.0,0.0,0.0,0.0,2.0,1.0,1.0,1.0,52.0,4.0,1.0,0.0,382.0,144.0,157.0,12.0
140.0,147.55,98.7,1.0,1.0,0.0,0.0,2.0,0.0,0.0,0.0,58.0,4.0,5.0,0.0,367.0,144.0,169.0,12.0
141.0,237.05,274.9,2.0,0.0,1.0,0.0,0.0,1.0,0.0,1.0,46.0,6.0,4.0,0.0,330.0,143.0,162.0,6.0
142.0,0.0,261.75,0.0,0.0,0.0,0.0,1.0,0.0,0.0,1.0,51.0,3.0,2.0,0.0,363.0,136.0,178.0,16.0
143.0,460.05,358.79999999999995,6.0,0.0,1.0,0.0,3.0,2.0,0.0,0.0,58.0,6.0,2.0,0.0,348.0,153.0,199.0,10.0
144.0,103.1,587.3000000000001,2.0,0.0,0.0,0.0,5.0,3.0,0.0,0.0,50.0,1.0,4.0,0.0,339.0,152.0,165.0,11.0
145.0,120.30000000000001,407.15,2.0,0.0,0.0,0.0,3.0,0.0,1.0,0.0,64.0,2.0,5.0,0.0,277.0,131.0,170.0,14.0
146.0,170.35000000000002,195.4,3.0,0.0,0.0,0.0,0.0,0.0,1.0,0.0,53.0,3.0,2.0,0.0,361.0,145.0,170.0,12.0
147.0,432.75,207.95,4.0,0.0,1.0,0.0,1.0,0.0,0.0,1.0,47.0,3.0,6.0,0.0,316.0,146.0,179.0,16.0
148.0,330.20000000000005,335.4,4.0,2.0,0.0,0.0,0.0,1.0,1.0,0.0,54.0,2.0,2.0,0.0,328.0,148.0,187.0,13.0
149.0,316.25,457.05000000000007,1.0,1.0,0.0,1.0,2.0,3.0,0.0,0.0,59.0,1.0,3.0,0.0,343.0,146.0,163.0,16.0
150.0,631.05,362.9,2.0,0.0,0.0,1.0,1.0,1.0,1.0,0.0,47.0,2.0,2.0,0.0,299.0,124.0,145.0,8.0
151.0,1018.85,365.2,5.0,0.0,2.0,1.0,4.0,0.0,0.0,1.0,52.0,3.0,7.0,0.0,336.0,148.0,170.0,13.0
152.0,853.3,1075.8999999999999,1.0,3.0,1.0,0.0,4.0,3.0,2.0,1.0,75.0,8.0,2.0,0.0,627.0,292.0,662.0,10.0
153.0,1928.2,635.45,7.0,0.0,2.0,1.0,2.0,3.0,1.0,0.0,66.0,17.0,7.0,0.0,608.0,271.0,163.0,12.0
154.0,575.5999999999999,937.0500000000001,4.0,1.0,1.0,0.0,2.0,3.0,2.0,0.0,79.0,11.0,1.0,0.0,662.0,271.0,177.0,15.0
155.0,607.85,626.05,2.0,1.0,1.0,0.0,4.0,1.0,2.0,0.0,63.0,9.0,6.0,0.0,521.0,200.0,168.0,14.0
156.0,307.05,43.349999999999994,5.0,1.0,0.0,0.0,2.0,0.0,0.0,0.0,49.0,3.0,5.0,0.0,335.0,120.0,171.0,13.0
157.0,1120.55,809.0999999999999,3.0,0.0,1.0,0.0,1.0,2.0,2.0,0.0,35.0,3.0,4.0,0.0,336.0,139.0,157.0,15.0
158.0,289.65,494.75,3.0,0.0,0.0,1.0,2.0,2.0,0.0,1.0,46.0,6.0,7.0,0.0,344.0,125.0,152.0,9.0
159.0,124.3,423.05,3.0,0.0,0.0,0.0,2.0,3.0,0.0,0.0,51.0,4.0,3.0,0.0,325.0,133.0,163.0,6.0
160.0,3288.15,432.24999999999994,1.0,1.0,3.0,0.0,4.0,1.0,1.0,0.0,46.0,1.0,4.0,0.0,314.0,146.0,160.0,6.0
161.0,676.3499999999999,65.65,2.0,0.0,1.0,0.0,1.0,0.0,0.0,0.0,47.0,2.0,2.0,0.0,349.0,131.0,154.0,5.0
162.0,183.05,653.3,3.0,0.0,1.0,0.0,4.0,0.0,2.0,0.0,53.0,3.0,2.0,0.0,331.0,129.0,148.0,6.0
163.0,152.0,190.64999999999998,2.0,1.0,0.0,0.0,2.0,1.0,0.0,0.0,44.0,4.0,3.0,0.0,327.0,127.0,146.0,7.0
164.0,216.3,456.55,3.0,1.0,0.0,0.0,1.0,0.0,1.0,1.0,53.0,0.0,1.0,0.0,358.0,140.0,166.0,10.0
165.0,108.25,562.4,3.0,0.0,0.0,0.0,1.0,0.0,1.0,1.0,43.0,7.0,8.0,0.0,319.0,141.0,157.0,9.0
166.0,1743.35,130.89999999999998,2.0,0.0,1.0,1.0,2.0,0.0,0.0,0.0,43.0,3.0,5.0,0.0,340.0,124.0,138.0,9.0
167.0,101.85,205.15,2.0,0.0,0.0,0.0,5.0,0.0,0.0,0.0,57.0,6.0,2.0,0.0,337.0,154.0,143.0,10.0
168.0,664.4000000000001,318.7,1.0,1.0,1.0,0.0,3.0,0.0,1.0,0.0,60.0,5.0,5.0,0.0,337.0,126.0,165.0,14.0
169.0,430.9,195.7,1.0,0.0,1.0,0.0,1.0,0.0,0.0,1.0,53.0,4.0,4.0,0.0,309.0,136.0,191.0,12.0
170.0,1082.05,357.3,5.0,0.0,2.0,0.0,4.0,0.0,1.0,0.0,54.0,2.0,2.0,0.0,317.0,142.0,173.0,8.0
171.0,204.10000000000002,1015.5,5.0,0.0,0.0,0.0,4.0,4.0,1.0,1.0,47.0,4.0,3.0,0.0,296.0,143.0,150.0,5.0
172.0,661.05,68.39999999999999,2.0,0.0,1.0,0.0,3.0,0.0,0.0,0.0,57.0,3.0,2.0,0.0,331.0,134.0,192.0,10.0
173.0,194.24999999999997,40.7,4.0,0.0,0.0,0.0,1.0,0.0,0.0,0.0,51.0,4.0,3.0,0.0,346.0,157.0,171.0,11.0
174.0,346.85,225.65,3.0,0.0,1.0,0.0,2.0,1.0,0.0,0.0,38.0,3.0,1.0,0.0,307.0,138.0,152.0,7.0
175.0,109.75,33.7,3.0,0.0,0.0,0.0,2.0,0.0,0.0,0.0,49.0,2.0,8.0,0.0,353.0,135.0,183.0,11.0
176.0,44.45,503.1,1.0,0.0,0.0,0.0,2.0,1.0,1.0,1.0,40.0,2.0,4.0,0.0,339.0,118.0,150.0,9.0
177.0,128.9,598.0999999999999,2.0,0.0,0.0,0.0,5.0,0.0,2.0,0.0,43.0,3.0,1.0,0.0,330.0,119.0,173.0,11.0
178.0,521.1,401.84999999999997,3.0,0.0,0.0,1.0,0.0,1.0,1.0,1.0,48.0,6.0,1.0,0.0,340.0,140.0,150.0,6.0
179.0,167.2,40.7,0.0,0.0,0.0,1.0,1.0,0.0,0.0,0.0,48.0,7.0,5.0,0.0,334.0,127.0,151.0,10.0
180.0,1070.65,482.6,3.0,0.0,1.0,0.0,2.0,0.0,2.0,0.0,41.0,6.0,4.0,0.0,333.0,138.0,158.0,10.0
181.0,385.8,128.05,5.0,0.0,1.0,0.0,3.0,0.0,0.0,0.0,50.0,3.0,4.0,0.0,302.0,109.0,117.0,9.0
182.0,192.3,261.45,3.0,1.0,0.0,0.0,2.0,0.0,1.0,0.0,54.0,0.0,2.0,0.0,308.0,134.0,175.0,9.0
183.0,1565.6999999999998,915.7,6.0,1.0,2.0,0.0,5.0,4.0,1.0,0.0,78.0,11.0,5.0,0.0,645.0,298.0,677.0,16.0
184.0,526.75,541.55,10.0,0.0,0.0,1.0,2.0,0.0,2.0,0.0,65.0,16.0,3.0,0.0,681.0,314.0,175.0,13.0
185.0,441.0,944.0,5.0,0.0,1.0,0.0,2.0,2.0,2.0,1.0,75.0,11.0,2.0,0.0,629.0,259.0,177.0,9.0
186.0,176.5,326.0,4.0,0.0,0.0,0.0,0.0,1.0,1.0,0.0,77.0,8.0,3.0,0.0,536.0,192.0,162.0,7.0
187.0,156.35,221.2,1.0,1.0,0.0,0.0,3.0,1.0,0.0,0.0,43.0,2.0,3.0,0.0,342.0,175.0,174.0,9.0
188.0,87.15,230.05,2.0,0.0,0.0,0.0,0.0,2.0,0.0,0.0,39.0,3.0,3.0,0.0,347.0,122.0,161.0,12.0
189.0,124.19999999999999,240.79999999999998,3.0,0.0,0.0,0.0,2.0,0.0,1.0,0.0,55.0,5.0,2.0,0.0,303.0,138.0,148.0,10.0
190.0,1189.7,394.44999999999993,3.0,0.0,3.0,0.0,1.0,3.0,0.0,0.0,54.0,3.0,4.0,0.0,331.0,147.0,179.0,15.0
191.0,279.65,159.1,4.0,1.0,0.0,0.0,1.0,0.0,0.0,1.0,47.0,5.0,3.0,0.0,311.0,139.0,169.0,10.0
192.0,35.2,263.65,1.0,0.0,0.0,0.0,1.0,1.0,1.0,0.0,50.0,2.0,2.0,0.0,324.0,115.0,159.0,11.0
193.0,85.15,705.8,3.0,0.0,0.0,0.0,1.0,1.0,2.0,0.0,50.0,2.0,3.0,0.0,310.0,145.0,145.0,10.0
194.0,132.65,732.5,3.0,0.0,0.0,0.0,0.0,1.0,2.0,0.0,43.0,1.0,3.0,0.0,335.0,128.0,181.0,11.0
195.0,972.75,212.75,2.0,0.0,3.0,0.0,1.0,2.0,0.0,0.0,64.0,3.0,2.0,0.0,349.0,138.0,155.0,18.0
196.0,458.0,361.35,2.0,0.0,1.0,0.0,4.0,2.0,0.0,0.0,48.0,1.0,2.0,0.0,360.0,164.0,194.0,13.0
197.0,823.2,367.8,1.0,1.0,1.0,0.0,7.0,0.0,0.0,1.0,58.0,1.0,4.0,0.0,344.0,142.0,159.0,21.0
198.0,673.65,52.7,2.0,4.0,0.0,1.0,1.0,0.0,0.0,0.0,39.0,4.0,4.0,0.0,336.0,143.0,157.0,13.0
199.0,177.05,202.10000000000002,5.0,0.0,0.0,0.0,4.0,0.0,0.0,0.0,48.0,7.0,0.0,0.0,359.0,166.0,155.0,13.0
200.0,315.55,353.84999999999997,2.0,0.0,1.0,0.0,2.0,1.0,1.0,0.0,56.0,3.0,2.0,0.0,361.0,138.0,164.0,11.0
201.0,58.35,449.8,1.0,0.0,0.0,0.0,7.0,2.0,0.0,0.0,50.0,4.0,4.0,0.0,366.0,123.0,175.0,12.0
202.0,431.65000000000003,262.85,1.0,0.0,1.0,0.0,3.0,1.0,0.0,0.0,61.0,1.0,5.0,0.0,341.0,137.0,185.0,13.0
203.0,455.2,270.1,6.0,1.0,1.0,0.0,2.0,0.0,1.0,0.0,47.0,3.0,3.0,0.0,322.0,125.0,146.0,11.0
204.0,825.75,450.05000000000007,5.0,1.0,1.0,0.0,4.0,0.0,1.0,0.0,56.0,1.0,3.0,0.0,331.0,128.0,156.0,14.0
205.0,96.55000000000001,189.64999999999998,2.0,0.0,0.0,0.0,2.0,1.0,0.0,0.0,50.0,5.0,2.0,0.0,341.0,119.0,144.0,13.0
206.0,133.95,404.80000000000007,1.0,1.0,0.0,0.0,1.0,2.0,0.0,1.0,59.0,5.0,3.0,0.0,330.0,146.0,175.0,12.0
207.0,368.9,432.65,0.0,2.0,0.0,1.0,2.0,0.0,1.0,0.0,53.0,3.0,3.0,0.0,327.0,135.0,154.0,12.0
208.0,186.39999999999998,257.35,4.0,0.0,0.0,0.0,5.0,1.0,0.0,0.0,42.0,4.0,2.0,0.0,329.0,131.0,163.0,11.0
209.0,140.2,307.55,3.0,0.0,0.0,0.0,1.0,0.0,1.0,0.0,47.0,5.0,5.0,0.0,344.0,151.0,159.0,11.0
210.0,700.4,0.0,1.0,0.0,0.0,1.0,0.0,0.0,0.0,0.0,55.0,2.0,7.0,0.0,333.0,128.0,159.0,10.0
211.0,554.75,125.8,1.0,1.0,1.0,0.0,3.0,0.0,0.0,0.0,57.0,4.0,1.0,0.0,332.0,131.0,169.0,13.0
212.0,95.0,269.7,2.0,0.0,0.0,0.0,3.0,0.0,0.0,1.0,44.0,2.0,7.0,0.0,342.0,140.0,166.0,9.0
213.0,1967.3000000000002,1667.8499999999997,7.0,3.0,1.0,0.0,11.0,4.0,3.0,1.0,69.0,9.0,0.0,0.0,641.0,292.0,679.0,10.0
214.0,0.0,340.34999999999997,0.0,0.0,0.0,0.0,0.0,2.0,0.0,1.0,45.0,17.0,1.0,0.0,644.0,315.0,144.0,12.0
215.0,1013.55,716.75,5.0,0.0,1.0,0.0,3.0,1.0,0.0,2.0,78.0,12.0,7.0,0.0,640.0,262.0,166.0,18.0
216.0,342.95,791.2499999999999,9.0,0.0,0.0,0.0,2.0,2.0,1.0,1.0,70.0,6.0,3.0,0.0,501.0,182.0,152.0,15.0
217.0,174.05,274.7,2.0,1.0,0.0,0.0,7.0,0.0,0.0,0.0,51.0,0.0,3.0,0.0,317.0,127.0,165.0,8.0
218.0,198.7,119.75,2.0,1.0,0.0,0.0,1.0,1.0,0.0,0.0,62.0,4.0,4.0,0.0,315.0,143.0,172.0,11.0
219.0,747.45,164.0,2.0,0.0,2.0,0.0,2.0,1.0,0.0,0.0,48.0,4.0,5.0,0.0,324.0,151.0,168.0,6.0
220.0,655.7500000000001,333.54999999999995,4.0,1.0,1.0,0.0,3.0,0.0,1.0,0.0,45.0,3.0,3.0,0.0,310.0,117.0,158.0,15.0
221.0,91.05000000000001,101.64999999999999,3.0,0.0,0.0,0.0,4.0,0.0,0.0,0.0,51.0,5.0,3.0,0.0,287.0,139.0,145.0,13.0
222.0,83.5,276.45,2.0,0.0,0.0,0.0,1.0,0.0,0.0,1.0,36.0,6.0,3.0,0.0,313.0,120.0,152.0,10.0
223.0,188.75,272.85,3.0,0.0,0.0,0.0,3.0,0.0,0.0,1.0,52.0,3.0,3.0,0.0,333.0,132.0,170.0,10.0
224.0,55.35,985.3999999999999,3.0,0.0,0.0,0.0,7.0,3.0,2.0,0.0,49.0,1.0,2.0,0.0,338.0,161.0,163.0,12.0
225.0,374.20000000000005,415.0,1.0,1.0,0.0,1.0,0.0,3.0,0.0,0.0,44.0,3.0,6.0,0.0,331.0,133.0,172.0,7.0
226.0,31.450000000000003,270.65,2.0,0.0,0.0,0.0,3.0,0.0,1.0,0.0,45.0,1.0,2.0,0.0,340.0,135.0,165.0,10.0
227.0,1613.9,53.599999999999994,1.0,0.0,1.0,0.0,2.0,0.0,0.0,0.0,52.0,4.0,5.0,0.0,340.0,124.0,188.0,8.0
228.0,59.9,744.3499999999999,2.0,0.0,0.0,0.0,6.0,2.0,1.0,1.0,47.0,3.0,2.0,0.0,326.0,114.0,159.0,13.0
229.0,159.95,447.35,1.0,1.0,0.0,0.0,3.0,3.0,0.0,0.0,54.0,1.0,2.0,0.0,306.0,133.0,144.0,7.0
230.0,75.5,306.6,3.0,0.0,0.0,0.0,3.0,1.0,0.0,0.0,55.0,3.0,4.0,0.0,320.0,136.0,147.0,7.0
231.0,70.65,398.25,2.0,0.0,0.0,0.0,5.0,0.0,1.0,0.0,55.0,0.0,3.0,0.0,336.0,126.0,174.0,10.0
232.0,0.0,487.9,0.0,0.0,0.0,0.0,2.0,0.0,2.0,0.0,45.0,2.0,5.0,0.0,376.0,155.0,158.0,14.0
233.0,0.0,349.15,0.0,0.0,0.0,0.0,5.0,0.0,1.0,0.0,62.0,4.0,3.0,0.0,303.0,148.0,117.0,11.0
234.0,227.95000000000002,563.25,5.0,1.0,0.0,0.0,3.0,0.0,0.0,2.0,62.0,0.0,4.0,0.0,354.0,132.0,150.0,7.0
235.0,552.9,717.8,1.0,0.0,1.0,1.0,1.0,3.0,1.0,0.0,42.0,2.0,2.0,0.0,320.0,130.0,153.0,12.0
236.0,154.45,399.7,3.0,0.0,0.0,0.0,2.0,1.0,0.0,1.0,52.0,2.0,6.0,0.0,352.0,122.0,170.0,20.0
237.0,71.44999999999999,123.25,3.0,0.0,0.0,0.0,3.0,0.0,0.0,0.0,53.0,2.0,2.0,0.0,305.0,141.0,147.0,10.0
238.0,2291.1,212.75,1.0,0.0,1.0,0.0,2.0,1.0,0.0,0.0,61.0,8.0,1.0,0.0,321.0,119.0,151.0,13.0
239.0,197.7,506.65000000000003,1.0,1.0,0.0,0.0,1.0,0.0,1.0,1.0,60.0,3.0,2.0,0.0,334.0,147.0,150.0,7.0
240.0,461.45000000000005,190.55,3.0,0.0,1.0,0.0,2.0,1.0,0.0,0.0,55.0,1.0,2.0,0.0,325.0,121.0,155.0,12.0
241.0,213.55,135.85000000000002,5.0,0.0,0.0,0.0,2.0,0.0,0.0,0.0,46.0,5.0,1.0,0.0,329.0,158.0,154.0,12.0
242.0,85.85,903.8,3.0,0.0,0.0,0.0,3.0,1.0,3.0,0.0,40.0,2.0,4.0,0.0,335.0,151.0,159.0,10.0
243.0,422.35,121.2,5.0,0.0,1.0,0.0,0.0,1.0,0.0,0.0,50.0,2.0,7.0,0.0,349.0,136.0,183.0,16.0
244.0,698.8,868.4000000000001,6.0,2.0,1.0,0.0,5.0,1.0,3.0,0.0,74.0,17.0,3.0,0.0,656.0,275.0,659.0,7.0
245.0,545.95,70.1,3.0,0.0,2.0,0.0,2.0,0.0,0.0,0.0,69.0,12.0,1.0,0.0,621.0,314.0,164.0,13.0
